{
    "$schema": "https://schema.management.azure.com/schemas/2019-04-01/deploymentTemplate.json#",
    "contentVersion": "1.0.0.0",
    "parameters": {
        "configurationStores_aml_config_name": {
            "defaultValue": "aml-config",
            "type": "String"
        }
    },
    "variables": {},
    "resources": [
        {
            "type": "Microsoft.AppConfiguration/configurationStores",
            "apiVersion": "2022-05-01",
            "name": "[parameters('configurationStores_aml_config_name')]",
            "location": "westeurope",
            "sku": {
                "name": "standard"
            },
            "properties": {
                "encryption": {},
                "disableLocalAuth": false,
                "softDeleteRetentionInDays": 5,
                "enablePurgeProtection": false
            }
        }
    ]
}