{
    "$schema": "https://schema.management.azure.com/schemas/2019-04-01/deploymentTemplate.json#",
    "contentVersion": "1.0.0.0",
    "parameters": {
        "namespaces_servicebusaml_name": {
            "defaultValue": "servicebusaml",
            "type": "String"
        }
    },
    "variables": {},
    "resources": [
        {
            "type": "Microsoft.ServiceBus/namespaces",
            "apiVersion": "2022-01-01-preview",
            "name": "[parameters('namespaces_servicebusaml_name')]",
            "location": "West Europe",
            "sku": {
                "name": "Basic",
                "tier": "Basic"
            },
            "properties": {
                "minimumTlsVersion": "1.2",
                "publicNetworkAccess": "Enabled",
                "disableLocalAuth": false,
                "zoneRedundant": false
            }
        },
        {
            "type": "Microsoft.ServiceBus/namespaces/authorizationrules",
            "apiVersion": "2022-01-01-preview",
            "name": "[concat(parameters('namespaces_servicebusaml_name'), '/aml-servicebus')]",
            "location": "westeurope",
            "dependsOn": [
                "[resourceId('Microsoft.ServiceBus/namespaces', parameters('namespaces_servicebusaml_name'))]"
            ],
            "properties": {
                "rights": [
                    "Listen",
                    "Send"
                ]
            }
        },
        {
            "type": "Microsoft.ServiceBus/namespaces/authorizationrules",
            "apiVersion": "2022-01-01-preview",
            "name": "[concat(parameters('namespaces_servicebusaml_name'), '/RootManageSharedAccessKey')]",
            "location": "westeurope",
            "dependsOn": [
                "[resourceId('Microsoft.ServiceBus/namespaces', parameters('namespaces_servicebusaml_name'))]"
            ],
            "properties": {
                "rights": [
                    "Listen",
                    "Manage",
                    "Send"
                ]
            }
        },
        {
            "type": "Microsoft.ServiceBus/namespaces/networkRuleSets",
            "apiVersion": "2022-01-01-preview",
            "name": "[concat(parameters('namespaces_servicebusaml_name'), '/default')]",
            "location": "West Europe",
            "dependsOn": [
                "[resourceId('Microsoft.ServiceBus/namespaces', parameters('namespaces_servicebusaml_name'))]"
            ],
            "properties": {
                "publicNetworkAccess": "Enabled",
                "defaultAction": "Allow",
                "virtualNetworkRules": [],
                "ipRules": []
            }
        },
        {
            "type": "Microsoft.ServiceBus/namespaces/queues",
            "apiVersion": "2022-01-01-preview",
            "name": "[concat(parameters('namespaces_servicebusaml_name'), '/aml_processor_queue')]",
            "location": "westeurope",
            "dependsOn": [
                "[resourceId('Microsoft.ServiceBus/namespaces', parameters('namespaces_servicebusaml_name'))]"
            ],
            "properties": {
                "maxMessageSizeInKilobytes": 256,
                "lockDuration": "PT30S",
                "maxSizeInMegabytes": 1024,
                "requiresDuplicateDetection": false,
                "requiresSession": false,
                "defaultMessageTimeToLive": "PT5M",
                "deadLetteringOnMessageExpiration": false,
                "enableBatchedOperations": true,
                "duplicateDetectionHistoryTimeWindow": "PT10M",
                "maxDeliveryCount": 10,
                "status": "Active",
                "autoDeleteOnIdle": "P10675199DT2H48M5.4775807S",
                "enablePartitioning": false,
                "enableExpress": false
            }
        },
        {
            "type": "Microsoft.ServiceBus/namespaces/queues",
            "apiVersion": "2022-01-01-preview",
            "name": "[concat(parameters('namespaces_servicebusaml_name'), '/aml_statemachine_queue')]",
            "location": "westeurope",
            "dependsOn": [
                "[resourceId('Microsoft.ServiceBus/namespaces', parameters('namespaces_servicebusaml_name'))]"
            ],
            "properties": {
                "maxMessageSizeInKilobytes": 256,
                "lockDuration": "PT59S",
                "maxSizeInMegabytes": 1024,
                "requiresDuplicateDetection": false,
                "requiresSession": false,
                "defaultMessageTimeToLive": "PT5M",
                "deadLetteringOnMessageExpiration": false,
                "enableBatchedOperations": true,
                "duplicateDetectionHistoryTimeWindow": "PT10M",
                "maxDeliveryCount": 10,
                "status": "Active",
                "autoDeleteOnIdle": "P10675199DT2H48M5.4775807S",
                "enablePartitioning": false,
                "enableExpress": false
            }
        }
    ]
}