{
    "$schema": "https://schema.management.azure.com/schemas/2019-04-01/deploymentTemplate.json#",
    "contentVersion": "1.0.0.0",
    "parameters": {
        "workflows_KYC_STATE_MACHINE_name": {
            "defaultValue": "KYC-STATE-MACHINE",
            "type": "String"
        },
        "connections_servicebus_externalid": {
            "defaultValue": "/subscriptions/d2ec719e-a256-4f02-924b-5a65055b1dd7/resourceGroups/aml/providers/Microsoft.Web/connections/servicebus",
            "type": "String"
        }
    },
    "variables": {},
    "resources": [
        {
            "type": "Microsoft.Logic/workflows",
            "apiVersion": "2017-07-01",
            "name": "[parameters('workflows_KYC_STATE_MACHINE_name')]",
            "location": "westeurope",
            "properties": {
                "state": "Enabled",
                "definition": {
                    "$schema": "https://schema.management.azure.com/providers/Microsoft.Logic/schemas/2016-06-01/workflowdefinition.json#",
                    "contentVersion": "1.0.0.0",
                    "parameters": {
                        "$connections": {
                            "defaultValue": {},
                            "type": "Object"
                        },
                        "message_separator": {
                            "defaultValue": ";",
                            "type": "String"
                        },
                        "status_INSERTED": {
                            "defaultValue": "INSERTED",
                            "type": "String"
                        }
                    },
                    "triggers": {
                        "When_a_message_is_received_in_a_queue_(auto-complete)": {
                            "recurrence": {
                                "frequency": "Second",
                                "interval": 10
                            },
                            "evaluatedRecurrence": {
                                "frequency": "Second",
                                "interval": 10
                            },
                            "type": "ApiConnection",
                            "inputs": {
                                "host": {
                                    "connection": {
                                        "name": "@parameters('$connections')['servicebus']['connectionId']"
                                    }
                                },
                                "method": "get",
                                "path": "/@{encodeURIComponent(encodeURIComponent('aml_statemachine_queue'))}/messages/head",
                                "queries": {
                                    "queueType": "Main"
                                }
                            }
                        }
                    },
                    "actions": {
                        "Switch": {
                            "runAfter": {
                                "manageDossier": [
                                    "Succeeded"
                                ]
                            },
                            "cases": {
                                "Case": {
                                    "case": "PROFILE",
                                    "actions": {
                                        "Condition": {
                                            "actions": {
                                                "Send_message_2": {
                                                    "runAfter": {},
                                                    "type": "ApiConnection",
                                                    "inputs": {
                                                        "body": {
                                                            "ContentData": "@{base64(concat(variables('processId'), parameters('message_separator'), 'doDossier'))}"
                                                        },
                                                        "host": {
                                                            "connection": {
                                                                "name": "@parameters('$connections')['servicebus']['connectionId']"
                                                            }
                                                        },
                                                        "method": "post",
                                                        "path": "/@{encodeURIComponent(encodeURIComponent('aml_kyc_processor_queue'))}/messages",
                                                        "queries": {
                                                            "systemProperties": "None"
                                                        }
                                                    }
                                                }
                                            },
                                            "runAfter": {},
                                            "else": {
                                                "actions": {
                                                    "Send_message_3": {
                                                        "runAfter": {},
                                                        "type": "ApiConnection",
                                                        "inputs": {
                                                            "body": {
                                                                "ContentData": "@{base64(concat(variables('processId'),parameters('message_separator'),'doConfirm'))}"
                                                            },
                                                            "host": {
                                                                "connection": {
                                                                    "name": "@parameters('$connections')['servicebus']['connectionId']"
                                                                }
                                                            },
                                                            "method": "post",
                                                            "path": "/@{encodeURIComponent(encodeURIComponent('aml_kyc_status_queue'))}/messages",
                                                            "queries": {
                                                                "systemProperties": "None"
                                                            }
                                                        }
                                                    }
                                                }
                                            },
                                            "expression": {
                                                "and": [
                                                    {
                                                        "equals": [
                                                            "@variables('doDossier')",
                                                            1
                                                        ]
                                                    }
                                                ]
                                            },
                                            "type": "If"
                                        }
                                    }
                                },
                                "INSERTED": {
                                    "case": "INSERTED",
                                    "actions": {
                                        "Send_message": {
                                            "runAfter": {},
                                            "type": "ApiConnection",
                                            "inputs": {
                                                "body": {
                                                    "ContentData": "@{base64(concat(variables('processId'),parameters('message_separator'),'doProfile'))}",
                                                    "SessionId": "@triggerBody()?['SessionId']"
                                                },
                                                "host": {
                                                    "connection": {
                                                        "name": "@parameters('$connections')['servicebus']['connectionId']"
                                                    }
                                                },
                                                "method": "post",
                                                "path": "/@{encodeURIComponent(encodeURIComponent('aml_processor_queue'))}/messages",
                                                "queries": {
                                                    "systemProperties": "None"
                                                }
                                            }
                                        }
                                    }
                                }
                            },
                            "default": {
                                "actions": {}
                            },
                            "expression": "@variables('status')",
                            "type": "Switch"
                        },
                        "manageDossier": {
                            "runAfter": {
                                "status": [
                                    "Succeeded"
                                ]
                            },
                            "type": "InitializeVariable",
                            "inputs": {
                                "variables": [
                                    {
                                        "name": "doDossier",
                                        "type": "boolean",
                                        "value": "@skip(variables('msg'),2)"
                                    }
                                ]
                            }
                        },
                        "msg": {
                            "runAfter": {},
                            "type": "InitializeVariable",
                            "inputs": {
                                "variables": [
                                    {
                                        "name": "msg",
                                        "type": "array",
                                        "value": "@triggerBody()?['ContentData']"
                                    }
                                ]
                            }
                        },
                        "processId": {
                            "runAfter": {
                                "msg": [
                                    "Succeeded"
                                ]
                            },
                            "type": "InitializeVariable",
                            "inputs": {
                                "variables": [
                                    {
                                        "name": "processId",
                                        "type": "string",
                                        "value": "@{first(variables('msg'))}"
                                    }
                                ]
                            }
                        },
                        "status": {
                            "runAfter": {
                                "processId": [
                                    "Succeeded"
                                ]
                            },
                            "type": "InitializeVariable",
                            "inputs": {
                                "variables": [
                                    {
                                        "name": "status",
                                        "type": "string",
                                        "value": "@{skip(first(variables('msg'),1))}"
                                    }
                                ]
                            }
                        }
                    },
                    "outputs": {}
                },
                "parameters": {
                    "$connections": {
                        "value": {
                            "servicebus": {
                                "connectionId": "[parameters('connections_servicebus_externalid')]",
                                "connectionName": "servicebus",
                                "id": "/subscriptions/d2ec719e-a256-4f02-924b-5a65055b1dd7/providers/Microsoft.Web/locations/westeurope/managedApis/servicebus"
                            }
                        }
                    }
                }
            }
        }
    ]
}